Id,Name,Country,City,Address,Latitude,Longitude,Hotel_Geohash
2,Parkside Inn At Incline,US,Incline Village,1003 Tahoe Boulevard (sr 28),39.244493,-119.936437,9qfx
8589934592,Cadillac Motel,US,Brandywine,16101 Crain Hwy,38.66893,-76.87629,dqc7
17179869184,Days Inn Brookings,US,Brookings,2500 6th St,44.31141,-96.76286,9zgh
17179869187,Motel 6,US,Grayling,6843 W M 72 Hwy,44.657326,-84.74439,dpgw
25769803780,Carleton Hotel,US,Carleton,927 Monroe St,42.05927,-83.39095,dpkx
42949672960,Americana Resort Properties,US,Dillon,135 Main St,34.3435757,-79.1660976,dnpe
42949672965,Comfort Inn Deland - Near University,US,Deland,400 E International Speedway Blvd,29.054737,-81.297208,djnj
51539607555,Magnuson Hotel Summerton,US,Summerton,18 Buff Blvd,33.592181,-80.356729,djyz
60129542147,Ubaa Old Crawford Inn,US,Des Plaines,5460 N River Rd,42.0624405,-87.8906432,dp3r
68719476738,Southside Motel,US,Tappahannock,910 S Church Ln,37.923133,-76.859002,dq9r
77309411332,Hotel Metropole,US,Lithia Springs,Riva Degli Schiavoni 4149,45.43393,12.34551,u20f
85899345921,Country Inns Suites,US,Watertown,3400 8th Ave S E,44.89151,-97.06111,9zfz
85899345924,The Parkview Memphis,US,Memphis,1914 Poplar Ave,35.142477,-89.996546,dn0p
103079215104,Wisconsin-aire Motel,US,Random Lake,N535 State Highway 57,43.55906,-87.94045,dp9r
111669149696,Comfort Suites,US,Houston,1055 E Mcnee Road Of Main St,29.681085,-95.402996,9vk0
111669149699,Holiday Inn Express Hotel and Stes Port Clinton-catawba Island,US,Port Clinton,50 N E Catawba Rd,41.52469,-82.85883,dpmh
120259084290,Days Inn,US,Santa Maria,839 E Main St,34.95311,-120.42399,9q4q
128849018882,Sheraton Offenbach Hotel,US,Northbrook,Berliner Strasse 111,50.106529,8.760921,u0yj
128849018885,Marriott's Mountainside At Park City,US,Park City,1305 Lowell Ave,40.65143,-111.50604,9x0x
137438953472,"The Citizen Hotel, Autograph Collection",US,Sacramento,926 J St,38.5802767,-121.4938057,9qce
137438953477,Holiday Inn Express and Suites Gahanna/columbus Airport E,US,Columbus,460 Waterbury Ct,40.00747,-82.865154,dpj5
146028888067,Masters Inn,US,Savannah,4200 Augusta Rd,32.10299,-81.1486,djwq
146028888072,Rodeway Inn Airport,US,Boise,2799 W Airport Way,43.569224,-116.215958,9rtr
171798691841,Lewis River Inn,US,Woodland,1100 Lewis River Rd,45.90706,-122.74029,c20t
188978561024,American Star Inn and Suites Atlantic City,US,Absecon,232 E White Horse Pike,39.447342,-74.530457,dr50
197568495621,Rodeway Inn,US,Brockton,1005 Belmont St,42.063783,-71.057816,drmr
206158430211,Days Inn Ruther Glen Kings Dominion Area,US,Ruther Glen,24320 Rogers Clark Blvd,37.93338,-77.47601,dq8z
223338299392,Cypress Suites,US,Cypress,6262 Lincoln Ave,33.83175,-118.02351,9qh0
231928233985,Fairfield Inn Saginaw,US,Saginaw,5200 Fashion Square Blvd,43.48418,-83.96907,dpsr
240518168577,Casino Queen Rv Park,US,East Saint Louis,200 S,38.628986,-90.174933,9yzg
249108103170,Wingate By Wyndham Pueblo,US,Pueblo,4711 N Elizabeth,38.32148,-104.618378,9wvd
257698037764,Beach Cove 411 Tower A Sierra's 1 Bedroom Condo By Prista Management,US,North Myrtle Beach,4800 S Ocean Blvd,33.791179,-78.734704,dq00
266287972353,Bridgetown Mill House Restaurant Inn,US,Langhorne,760 Langhorne Newtown Rd,40.189476,-74.92503,dr4s
274877906945,Protection Motel,US,Protection,236 N Broadway,37.202297,-99.484146,9y97
283467841539,Fairfield Inn Suites Chattanooga South/east Ridge,US,Chattanooga,1453 Mack Smith Rd,34.991222,-85.20835,dn5r
292057776130,Best Western,US,Hanford,755 Cadillac Ln,36.320124,-119.656297,9q6y
300647710721,Red Fox Motel,US,Lebanon,1431 W Elm St,37.65888,-92.66761,9ywn
300647710726,Petretti Apartments,US,Kenosha,1805 Birch Rd,42.625263,-87.82863,dp9d
309237645313,Super 8 Dallas South,US,Dallas,8541 S Hampton Rd,32.643793,-96.857314,9vg1
317827579906,Country Inn and Suites By Carlson Charlotte University Place,US,Charlotte,131 E Mccullough Dr,35.30077,-80.7538,dnq8
326417514498,Super 8 Kansas City Airport,US,Kansas City,11900 N W Plaza Cir,39.309014,-94.6826,9yux
335007449089,Best Western Saint-etienne Aeroport,US,Park City,2 Boulevard Pierre Desgranges,45.531554,4.278685,u055
343597383684,Casa Del Mar Inn Bandb,US,Santa Barbara,18 Bath St,34.409581,-119.693387,9q4g
352187318275,Homeplace Inn and Suites,US,Jacksonville,1407 E Rusk St,31.964827,-95.254599,9vsm
360777252865,Red Lion Anaheim Maingate Hotel,US,Anaheim,1850 S Harbor Blvd,33.801777,-117.91515,9qh0
369367187458,Corey Motel,US,Sioux City,1724 Rock St,42.50763,-96.37438,9ze3
377957122049,Candlewood,US,Clare,10918 S Grant Ave,43.830013,-84.78837,dpg9
386547056641,Residence Inn Billings,US,Billings,956 S 25th St W,45.7522,-108.58104,c84u
395136991232,Parkway Inn Jellico,US,Jellico,133 Holiday Ln,36.580692,-84.113282,dns0
403726925826,Comfort Suites,US,Monroe,1401 Martin Luther King Jr Dr,32.49375,-92.08275,9vy8
412316860417,Hometown Inn,US,Soddy Daisy,222 W Sequoyah Access Rd,35.250668,-85.18146,dn72
420906795010,Quality Inn and Suites,US,Richmond,3200 W Broad St,37.56611,-77.47481,dq8v
429496729603,Hyatt Place Pittsburgh Cranberry,US,Cranberry Twp,136 Emeryville Dr,40.67519,-80.10058,dppp
438086664195,Patriots Inn,US,Williamsburg,1420 Richmond Rd,37.28775,-76.721695,dq9k
446676598786,H��tel Les Bruy��res,US,Lebanon,Quartier Les Bruyeres Les Menuires,45.313678,6.540197,u0h9
455266533379,Pheasant Manor,US,Mott,507 Minnesota Ave,46.374714,-102.33582,c8pp
455266533383,Busy B Ranch,US,Jefferson,1100 W Prospect Rd,38.648378,-85.456373,dng5
463856467971,Courtyard San Marcos,US,San Marcos,625 Commercial Loop,29.824612,-97.9903,9v63
481036337152,Berney Fly Bed and Breakfast,US,Mobile,1118 Government St,30.684177,-88.062045,dj3q
481036337154,Comfort Inn - Springfield,US,Springfield,6560 Loisdale Ct,38.7756,-77.17851,dqch
489626271747,Suburban Extended Stay Warner Robins,US,Warner Robins,2727 Watson Blvd,32.61835,-83.67237,dju3
498216206337,Comfort Inn Livermore,US,Livermore,2625 Constitution Dr,37.701428,-121.814181,9q9q
506806140929,Profile Deluxe Motel,US,Twin Mountain,580 S Route 3 (daniel Webster Highway) Po Box 99,44.266968,-71.56098,drv5
515396075521,Budget Host Inn,US,Detroit Lakes,895 Highway 10 E,46.82358,-95.85734,cb7f
523986010112,Hotel Lavonia,US,Lavonia,890 Ross Pl,34.444512,-83.120563,dnhg
541165879298,Savaii Roberts Motels,US,Guymon,716 N E 12th St,36.689533,-101.473816,9wxb
549755813890,Uptown Motel,US,Cody,1562 Sheridan Ave,44.52608,-109.05777,9xfm
558345748484,Travelodge,US,Pittsburgh,100 Kisow Dr,40.45133,-80.106043,dppn
566935683074,Deluxe Inn Merrillville,US,Merrillville,732 E 82nd Ave,41.469446,-87.329978,dp3g
575525617667,Fairfield Inn Suites Spearfish,US,Spearfish,2720 1st Ave,44.48047,-103.81403,9xyj
592705486848,Country Lodge Motel,US,Harmony,525 Main Ave N,43.56077,-92.010704,9zwx
609885356032,Springhill Suites,US,Sevierville,628 Wall St,35.86827,-83.55146,dnks
609885356033,Holiday Inn,US,Philadelphia,10 Packer Ave,39.907322,-75.1502,dr4e
618475290627,Fairfield Inn & Suites Des Moines Airport,US,Des Moines,6880 Fleur Dr,41.521584,-93.64501,9zmk
635655159808,Motel 6,US,Stockton,6717 Plymouth Rd,38.00622,-121.350807,9qc8
652835028995,Midvalley Motel,US,Archbald,81 Scranton Carbondale Hwy,41.494293,-75.591644,dr6h
652835029000,Econo Lodge,US,Jackson,2007 Highway 71 N,43.642858,-94.994939,9zu2
661424963587,Norwood Inn and Suites,US,Burnsville,12920 Aldrich Ave S,44.769267,-93.291074,9zvw
678604832768,Howard Johnson Gallup,US,Gallup,2915 W Historic Hwy 66,35.500383,-108.727655,9w69
687194767361,Discovery Inn,US,Midvale,380 W 7200 S,40.62079,-111.900889,9x0r
687194767362,Jvd Hotels,US,Batesville,280 Power Dr,34.30856,-89.922673,dn05
695784701953,Miss Kitty's Boarding House,US,Statesville,162 Henry Martin Trl,35.987297,-80.98843,dnqk
695784701958,Days Inn Statesville,US,Statesville,703 Gaither Road/i 40 I 40,35.807181,-80.881395,dnq7
704374636546,Laurel Manor Motel,US,Jennerstown,1331 Pitt St,40.1635,-79.0793,dppu
721554505728,Enchanted Castle Hotel,US,Regent,607 Main St,46.41884,-102.561844,c8r0
730144440321,Townplace Suites By Marriott,US,Elko,2620 Jennings Way,40.831062,-115.79993,9rm8
738734374913,Super 8 Madison,US,Madison,2091 Eatonton Rd,33.55675,-83.47497,djuw
747324309507,Holiday Inn Express Lubbock South,US,Lubbock,6506 I 27 S,33.53581,-101.84587,9tzw
755914244096,Days Inn Warren,US,Warren,210 Ludlow St,41.83631,-79.16931,dprw
755914244101,Budget Inn,US,Oskaloosa,1210 A Ave E,41.296288,-92.63163,9zq4
764504178691,Hampton Inn Tucson-airport,US,Tucson,6971 S Tucson Blvd,32.124926,-110.934519,9t9n
773094113280,Studio 6,US,Kenedy,142 Park Place Us 181 Business At Park Pl,28.793795,-97.849655,9v47
781684047873,"The Alexandrian, Autograph Collection",US,Alexandria,480 King St,38.80474,-77.04455,dqch
790273982465,Abbeville Inn,US,Abbeville,1237 Us Highway 431 S,31.55176,-85.2837,dje7
798863917057,Lake Motel,US,Wolfeboro,280 S Main St,43.577892,-71.195984,drtr
807453851648,Howard Johnson,US,Sandusky,1932 Lima Sandusky Rd,41.44144,-82.79705,dpm5
816043786242,Holiday Inn Spearfish-convention Center,US,Spearfish,305 N 27th St,44.478751,-103.814575,9xyj
824633720833,Baymont Inn and Suites Enid,US,Enid,3614 W Garriott Rd,36.39085,-97.92181,9y6r
824633720842,Mission Sands Vacation Rentals,US,San Diego,804 San Luis Obispo Pl,32.776337,-117.252117,9mud
833223655428,Knights Inn New Castle/wilmington,US,New Castle,1200 West Ave,39.698486,-75.55117,dr43
841813590022,Brookside Motel,US,Hill City,11586 Gillette Prairie Rd,43.95937,-103.73661,9xy4
858993459201,Comfort Suites South,US,Byron Center,7644 Caterpillar Ct S W,42.82547,-85.6692,dpe5
858993459205,La Quinta,US,Woodburn,120 N Arney Rd,45.15238,-122.88394,c208
867583393793,Watermark Bed Breakfast,US,Wittman,8956 Tilghman Island Rd,38.796997,-76.30522,dqcs
876173328387,Econo Lodge,US,Troy,1210 Brukner Dr,40.02353,-84.226265,dph5
884763262976,Mainsail Motel & Cottages,US,Hampton,40 Ashworth Ave,42.911366,-70.81291,drts
893353197571,Bay Haven Inn Bed Breakfast,US,Port Clinton,426 E Perry St,41.513161,-82.934247,dpmh
901943132161,Frontier Cabins Motel,US,Wall,1101 Glenn St,43.98431,-102.23931,9xz6
910533066753,Amisos Hotel,US,Naples,Ebusuud Cad No2,41.011854,28.978276,sxk9
919123001344,Raintree Inn,US,Ada,1100 N Mississippi Ave,34.786299,-96.669808,9y5m
927712935937,Knights Inn Aiken,US,Aiken,1850 Richland Ave W,33.565239,-81.745577,djvy
927712935939,Comfort Hotel Nation Pere Lachaise Paris 11,US,Carrollton,12 Rue Leon Frot,48.85366,2.38803,u09t
936302870532,Hampton Inn Jackson Hole,US,Jackson,350 S Highway 89,43.484384,-110.762266,9x9p
944892805122,Monarch of Rancho Mirag,US,Rancho Mirage,34560 Bob Hope Dr,33.798553,-116.40588,9qj0
944892805126,Lighthouse Motel,US,Toledo,908 N Reynolds Rd,41.64883,-83.66463,dpks
953482739715,Inn At Mendenhall,US,Mendenhall,323 Route 52 (kennett Pike),39.85972,-75.64614,dr44
970662608896,The Grove Seaside Hotel,US,Glen Burnie,Drepanon,37.531556,22.890106,sw8m
970662608901,Extended Stay America Princeton - West Windsor,US,Princeton,3450 Us Highway 1,40.303864,-74.67143,dr4v
979252543489,Mercure Curitiba Golden Hotel,US,Curitiba,Rua Desembargador Motta 2044 Batel,-25.43675,-49.28146,6gkz
996432412673,Americinn Lodge and Suites,US,Cody,508 Yellowstone Ave,44.516968,-109.08419,9xfm
1005022347265,Comfort Inn,US,Dodge City,2000 W Wyatt Earp Blvd,37.754002,-100.040634,9y8y
1005022347270,Baymont Inn and Suites Boone,US,Boone,1745 S E Marshall St,42.035281,-93.876328,9zmp
1013612281861,Turf Motel,US,Charles Town,741 E Washington St,39.29304,-77.850866,dqbx
1013612281866,Holiday Inn Express Colton-riverside North,US,Colton,2830 S Iowa Ave,34.020339,-117.338229,9qh9
1030792151042,Progress Management Co,US,Albert Lea,111 E Clark St,43.64975,-93.36861,9zv8
1039382085634,The Lake Point Conference Center,US,Russellville,61 Lake Point Dr,35.32157,-93.2118,9ym8
1047972020227,Mt. Washington Bed and Breakfast,US,Gorham,421 State Route 2,44.393265,-71.124839,drvk
1056561954820,Clubhouse At River Country Est,US,Piney Creek,67 Waterview Ln,36.55454,-81.33238,dnqp
1065151889410,Motel 6 Fort Bragg,US,Fort Bragg,400 S Main St,39.43815,-123.80602,9ppb
1082331758592,The White House Inn,US,Pierce,102 S 2nd St,42.19905,-97.52609,9zd8
1090921693184,Super 8 Carlisle-south,US,Carlisle,100 Alexander Spring Rd,40.18661,-77.21426,dr1h
1099511627779,Towneplace Suites,US,Bowie,3700 Town Center Blvd,38.94262,-76.73404,dqcm
1108101562370,Motel 6,US,Rockport,106 W 11th St,28.02077,-97.05601,9ufz
1116691496962,Double Eagle Hotel and Casino,US,Cripple Creek,442 E Bennett Ave,38.746787,-105.173574,9wvh
1116691496964,Helios Resort,US,Palm Springs,280 E Mel Ave,33.840755,-116.54468,9qj0
1133871366144,Best Western Plus Waterville Grand Hotel,US,Waterville,375 Main St,44.57059,-69.64012,drym
1133871366149,Rock A Bye Inn,US,Tigerton,N4449 Us Highway 45,44.750305,-89.06617,dpbw
1142461300740,Economy Inn,US,Sweetwater,207 Highway 68,35.598433,-84.51119,dn7f
1151051235330,Pillar Hotels Resorts,US,Pleasanton,200 Cowboy Ln,28.967194,-98.47863,9v1u
1159641169921,Days Inn Berea Ky,US,Berea,1029 Cooper Dr,37.6168,-84.345601,dnsj
1168231104516,Motel 6,US,Stockton,817 Navy Dr,37.936819,-121.299762,9q9x
1176821039107,La Quinta Inn & Suites Bryant,US,Bryant,408 W Commerce Dr,34.621443,-92.501182,9ynh
1185410973700,Sky-lit Motel,US,Green Bay,2120 S Ashland Ave,44.490314,-88.048805,dpcm
1194000908292,Elk Springs Resort,US,Gatlinburg,1088 Powdermill Rd,35.754868,-83.457295,dnke
1202590842886,Americas Best Value Inn,US,Finlayson,60671 State Highway 23,46.17973,-92.85486,cbjy
1211180777474,Candlewood Suites Lexington,US,Lexington,603 Adcolor Dr,38.074106,-84.497124,dngb
1219770712066,Hotel Millersburg,US,Millersburg,35 W Jackson St,40.554265,-81.91773,dpjw
1236950581249,Extended Stay America - Chicago - Westmont - Oak Brook,US,Westmont,855 Pasquinelli Dr,41.81644,-87.955,dp3m
1236950581254,P K Motel,US,Effingham,171 Pine River Rd,43.74063,-71.11493,drv2
1245540515841,Candlewood Suites Oklahoma City-moore,US,Moore,1701 N Moore Ave,35.351797,-97.495296,9y69
1262720385025,Microtel Inn,US,Mount Airy,1293 Newsome St,36.480987,-80.601702,dnqx
1271310319617,Relax Inn,US,Pompano Beach,1411 N W 31st Ave,26.211905,-80.166405,dhwv
1279900254208,Staybridge Suites Tyler University Area,US,Tyler,2759 Mcdonald Rd,32.322578,-95.265008,9vsr
1288490188802,Comfort Hotel Bernau,US,East Hickory,Zepernicker Chaussee 39/53,52.67398,13.568842,u33e
1297080123397,Wingate By Wyndham Chantilly / Dulles Airport,US,Chantilly,3940 Centerview Dr,38.89765,-77.43159,dqbv
1305670057987,Falls Motel,US,American Falls,411 Lincoln St,42.776073,-112.85909,9rxe
1305670057992,Campus Inn & Suites Eugene Downtown,US,Eugene,390 E Broadway,44.04972643,-123.0867326,9rb6
1314259992578,Comfort Suites,US,Fairview Heights,137 Ludwig Dr,38.601519,-89.994293,dnb5
1322849927170,Super 8 Manhattan Ks,US,Manhattan,200 Tuttle Creek Blvd,39.18027,-96.55681,9ygq
1331439861760,Davison St Guest House,US,Mammoth Lakes,19 Davisn Rd,37.643192,-118.99284,9qeq
1331439861765,Days Inn,US,Grand Rapids,311 E Highway 2,47.2348,-93.51825,cbmk
1348619730947,Holiday Inn Express Hotel & Suites Chicago-deerfield/lincolnshire,US,Deerfield,2600 Lake Cook Rd,42.1531,-87.8897,dp3x
1357209665537,The Westin Europa and Regina,US,Cave Spring,Campo Barozzi,45.431943,12.33551,u20f
1365799600131,Americas Best Value Inn,US,Tulsa,1016 N Garnett Rd,36.167973,-95.85119,9y7v
1374389534723,Texan Inn,US,Monahans,806 W Interstate 20,31.592329,-102.901798,9twg
1382979469315,La Quinta,US,Twin Falls,539 Pole Line Rd,42.592044,-114.4689808,9rwd
1391569403907,Best Western Plus,US,Saint Paul,1010 Bandana Blvd W,44.971064,-93.154703,9zvz
1400159338498,Jacksonville Plaza Hotel and Suites,US,Jacksonville,14585 Duval Rd,30.479833,-81.648827,djmv
1417339207682,Sybaris Pool Suites,US,Indianapolis,5466 W 86th St,39.910885,-86.25733,dp4e
1417339207687,Holiday Inn Express San Clemente,US,San Clemente,35 Via Pico Plz,33.437538,-117.621732,9muq
1425929142273,Hotel Borgo Verde,US,San Jose,S Via Nullo 5/r,37.52297,15.060435,sqdt
1425929142278,City Express Irapuato,US,Mobile,Blvd Villas De Irapuato 1362,20.683032,-101.380828,9exv
1443109011457,Boiling Springs Resort Canoe Rental,US,Licking,15750 Highway Bb,37.461372,-91.98766,9ywt
1443109011460,Bailey House Bed & Breakfast,US,Williams Bay,372 W Geneva St,42.575382,-88.556246,dp94
1451698946050,Inn & Suites,US,Englewood,2540 S Mccall Rd,26.935162,-82.318704,dhv3
1460288880642,Camelback Resort Aquatopia Indoor Waterpark,US,Tannersville,309 Resort Doctor Exit 299 I 80,41.052673,-75.35352,dr63
1460288880645,Springhill Suites Marriott Colorado Springs South,US,Colorado Springs,1570 N Newport Rd,38.80819,-104.72747,9wvs
1468878815235,Holiday Inn Express Hotel & Suites Hillview,US,Shepherdsville,365 Brenton Way,38.066499,-85.697774,dng0
1468878815240,Albert's Motel,US,Burnsville,20 S Toe River Rd,35.769775,-82.19819,dnme
1477468749824,Hotel Vier Jahreszeiten KÜhlungsborn,US,Harleigh,Ostseeallee 10 12,54.1533,11.75432,u38k
1477468749829,Super 8 Batesville Ar,US,Batesville,1287 N Saint Louis St,35.79068,-91.63828,9yqg
1503238553600,Days Inn El Reno Ok,US,El Reno,2700 S Country Club Rd,35.50517,-97.97284,9y63
1503238553604,Country Inns Suites,US,Freeport,1710 S Dirck Dr,42.27901,-89.63387,dp82
1520418422785,Cliff's Motor Inn,US,Saint Leonard,4785 Saint Leonard Rd,38.47525,-76.50707,dqcd
1529008357380,Americas Best Value Inn,US,Whitehall,3080 E Colby St,43.40897,-86.31742,dpdw
1537598291972,Foxburg Inn,US,Emlenton,20 Main St,41.17752,-79.7028,dpr6
1554778161154,Days Inn Fort Wayne,US,Fort Wayne,1161 W Washington Center Rd,41.13243,-85.15651,dp73
1563368095747,Quinta Real Acapulco,US,Whigham,Paseo De La Quinta No 6,16.79203,-99.82723,9fcp
1580547964930,Knights Inn Durango Co,US,Durango,3515 Main Ave,37.30421,-107.86844,9wek
1597727834112,Clarion,US,Cleveland,185 James Asbury Dr N W,35.210384,-84.869776,dn78
1614907703296,Sportsmen Motel,US,Port Angeles,2909 E Highway 101,48.10485,-123.37406,c283
1623497637889,Holiday Inn Express Hotel Suites Sedalia,US,Sedalia,4001 W Broadway,38.71274,-93.279755,9yvs
1632087572480,Howard Johnson Inn Columbia,US,Columbia,3100 I 70 Doctor S E,38.96124,-92.28914,9yym
1632087572482,Americas Best Value Inn and Suites,US,Lees Summit,1020 S E Blue Pkwy,38.90314,-94.3571,9yuv
1640677507073,Holiday Inn Express Grove City (outlet Center),US,Mercer,21 Holiday Blvd,41.143414,-80.16579,dpqf
1657857376258,School House Motel,US,North Conway,Rr 16,44.04869,-71.12477,drv6
1666447310848,Quality Inn,US,Houston,12439 Northwest Fwy,29.836717,-95.488039,9vk1
1666447310853,Nesco Manor Hotel,US,Drums,214 N Hunter Hwy,41.03253,-75.95335,dr3c
1675037245444,Sleep Inn At Harbour View,US,Little River,909 Us 17,33.868213,-78.632786,dq00
1683627180032,Hampton Inn Fayetteville Fort Bragg,US,Fayetteville,1700 Skibo Rd,35.07617,-78.96096,dnpz
1700807049217,Rodeway Inn-tacoma,US,Tacoma,8710 S Hosmer St,47.178315,-122.463291,c22u
1709396983810,Fort Conde Inn,US,Mobile,165 Saint Emanuel St,30.68811,-88.04079,dj3q
1709396983812,Una Hotel Forte Dei Marmi,US,Lake Elmo,Via Gb Vico 142,43.956541,10.195617,spz6
1717986918404,Park Hyatt Vienna,AT,Vienna,Am Hof 2 01 Innere Stadt 1010 Vienna Austria,48.2105243,16.3683592,u2ed
1726576852992,The Wellesley Knightsbridge a Luxury Collection Hotel London,GB,London,11 Knightsbridge Westminster Borough London SW1X 7LY United Kingdom,51.502485,-0.1539265,gcpu
1726576852995,H tel Saint Marc,FR,Paris,36 Rue Saint Marc 2nd arr 75002 Paris France,48.8708863,2.3382128,u09w
1735166787584,Apex Temple Court Hotel,GB,London,1 2 Serjeant s Inn Fleet Street City of London London EC4Y 1LL United Kingdom,51.5137335,-0.1087512,gcpv
1735166787589,Barcel Milan,IT,Milan,Via Giorgio Stephenson 55 20157 Milan Italy,45.51152,9.1241306,u0n6
1743756722178,Melia Paris Tour Eiffel,FR,Paris,35 Rue Jean Goujon 8th arr 75008 Paris France,48.8651994,2.3045076,u09t
1743756722183,Austria Trend Hotel Savoyen Vienna,AT,Vienna,Rennweg 16 03 Landstra e 1030 Vienna Austria,48.1950444,16.3844751,u2ed
1752346656771,Pillows Anna van den Vondel Amsterdam,NL,Amsterdam,Anna van den Vondelstraat 6 Oud West 1054 GZ Amsterdam Netherlands,52.3607413,4.8695315,u173
1752346656774,Royal Ramblas,ES,Barcelona,Las Ramblas 117 Ciutat Vella 08002 Barcelona Spain,41.3842838,2.1707092,sp3e
1760936591361,St Paul s Hotel,GB,London,153 Hammersmith Road Hammersmith and Fulham London W14 0QL United Kingdom,51.4934752,-0.2153256,gcpu
1760936591370,Austria Trend Hotel Ananas Wien,AT,Vienna,Sonnenhofgasse 8 10 05 Margareten 1050 Vienna Austria,48.1915401,16.3546263,u2ed
1769526525955,Le Meurice,FR,Paris,228 Rue De Rivoli 1st arr 75001 Paris France,48.8653685,2.328218,u09t
1769526525961,Brunelleschi Hotel,IT,Milan,Via Baracchini 12 Milan City Center 20123 Milan Italy,45.461177,9.191047,u0nd
1778116460547,Relais Du Louvre,FR,Paris,19 Rue Des Pretres Saint Germain L Auxerrois 1st arr 75001 Paris France,48.8592264,2.340996,u09t
1778116460552,Falkensteiner Hotel Wien Margareten,AT,Vienna,Margareteng rtel 142 05 Margareten 1050 Vienna Austria,48.1868107,16.3440157,u2ed
1786706395138,Relais H tel du Vieux Paris,FR,Paris,9 rue Git le Coeur 6th arr 75006 Paris France,48.8538608,2.3429487,u09t
1795296329729,Les Jardins De La Villa Spa,FR,Paris,5 Rue Belidor 17th arr 75017 Paris France,48.8801757,2.2859534,u09w
1795296329735,Windsor Hotel Milano,IT,Milan,Via Galileo Galilei 2 Central Station 20124 Milan Italy,45.4794587,9.1951427,u0nd
1803886264324,La Maison Champs Elys es,FR,Paris,8 Rue Jean Goujon 8th arr 75008 Paris France,48.866676,2.3089908,u09t
1812476198913,Hotel Le Six,FR,Paris,14 Rue Stanislas 6th arr 75006 Paris France,48.8438352,2.3280708,u09t
1812476198918,NH Collection Wien Zentrum,AT,Vienna,Mariahilfer Stra e 78 07 Neubau 1070 Vienna Austria,48.1979979,16.3483314,u2ed
1821066133506,Hotel Cavour,IT,Milan,Via Fatebenefratelli 21 Milan City Center 20121 Milan Italy,45.4726942,9.1943911,u0nd
1829656068098,H tel Powers,FR,Paris,52 rue Francois 1er 8th arr 75008 Paris France,48.8691409,2.3031503,u09w
1829656068103,Hotel America Barcelona,ES,Barcelona,Provenza 195 Eixample 08008 Barcelona Spain,41.3919083,2.1573318,sp3e
1846835937280,Hyatt Regency London The Churchill,GB,London,30 Portman Square Westminster Borough London W1H 7BH United Kingdom,51.5156471,-0.1572443,gcpv
1846835937285,Hotel Clerici,IT,Milan,Via Clerici 11 Milan City Center 20121 Milan Italy,45.4667717,9.1871001,u0nd
1864015806466,Hotel Bachaumont,FR,Paris,18 rue Bachaumont 2nd arr 75002 Paris France,48.8663208,2.3450399,u09t
1864015806471,Aparthotel Atenea Barcelona,ES,Barcelona,Joan G ell 207 211 Les Corts 08028 Barcelona Spain,41.3862689,2.1291786,sp3e
1872605741057,DoubleTree by Hilton London Ealing,GB,London,2 8 Hanger Lane Ealing Common London W5 3HN United Kingdom,51.511521,-0.290706,gcpv
1881195675648,Hilton London Bankside,GB,London,2 8 Great Suffolk Street Southwark London SE1 0UG United Kingdom,51.5056956,-0.101525,gcpv
1881195675653,H tel Montmartre Mon Amour,FR,Paris,7 Rue Paul Albert 18th arr 75018 Paris France,48.886687,2.3449332,u09w
1889785610242,Park Grand Paddington Court,GB,Paddington,27 Devonshire Terrace Westminster Borough London W2 3DP United Kingdom,51.5135555,-0.180002,gcpv
1889785610247,Le Meridien Vienna,AT,Vienna,Robert Stolz Platz 1 01 Innere Stadt 1010 Vienna Austria,48.2027296,16.3661211,u2ed
1898375544834,FourSide Hotel Vienna City Center,AT,Vienna,Grieshofgasse 11 12 Meidling 1120 Vienna Austria,48.1825159,16.3322428,u2ed
1906965479425,L Hotel Pergol se Paris,FR,Paris,3 Rue Pergolese 16th arr 75116 Paris France,48.8756618,2.2863468,u09w
1906965479430,Park Plaza Westminster Bridge London,GB,London,Westminster Bridge Road Lambeth London SE1 7UT United Kingdom,51.5009609,-0.1165913,gcpu
1915555414016,Catalonia Atenas,ES,Barcelona,Avenida Meridiana 151 Sant Mart 08026 Barcelona Spain,41.4110056,2.1866009,sp3e
1915555414021,Hotel Seven One Seven,NL,Amsterdam,Prinsengracht 717 Amsterdam City Center 1017 JW Amsterdam Netherlands,52.3648077,4.8853962,u173
1924145348611,Villa Lut ce Port Royal,FR,Paris 13,52 rue Jenner 13th arr 75013 Paris France,48.8364204,2.3603332,u09t
1932735283200,Best Western Premier Kapital Op ra,FR,Paris,34 rue de Moscou 8th arr 75008 Paris France,48.8814425,2.3235592,u09w
1941325217793,Mercure Paris Alesia,FR,Paris,185 Boulevard Brune 14th arr 75014 Paris France,48.8237487,2.324056,u09t
1941325217798,Hyatt Regency Amsterdam,NL,Amsterdam,Sarphatistraat 104 Amsterdam City Center 1018 GV Amsterdam Netherlands,52.3617751,4.9118187,u173
1958505086976,Le 123 S bastopol Astotel,FR,Paris,123 boulevard S bastopol 2nd arr 75002 Paris France,48.8675886,2.3531018,u09w
1967095021568,Courthouse Hotel London,GB,London,19 21 Gt Marlborough St Westminster Borough London W1F 7HL United Kingdom,51.5143624,-0.1394483,gcpv
1967095021573,Austria Trend Hotel Bosei Wien,AT,Vienna,Gutheil Schoder Gasse 7B 10 Favoriten 1100 Vienna Austria,48.1629737,16.3404024,u2e9
1975684956163,Hotel Indigo Paris Opera,FR,Paris,2 Rue Edouard VII 9th arr 75009 Paris France,48.8704371,2.329236,u09w
1975684956168,Hotel Daniel Vienna,AT,Vienna,Landstra er G rtel 5 03 Landstra e 1030 Vienna Austria,48.1981,16.3948,u2ed
1975684956169,The Yard Milano,IT,Milan,Piazza XXIV Maggio 8 Milan City Center 20123 Milan Italy,45.453152,9.179172,u0nd
1984274890755,NH Hesperia Barcelona del Mar,ES,Barcelona,Espronceda 6 Sant Mart 08005 Barcelona Spain,41.4014399,2.2100745,sp3e
1992864825346,Monsieur Cadet Hotel Spa Ex Meyerhold Spa,FR,Paris,4 rue Cadet 9th arr 75009 Paris France,48.8742767,2.3426276,u09w
1992864825351,Holiday Inn London Brent Cross,GB,London,Tilling Road London NW2 1LP United Kingdom,51.5731061,-0.2233332,gcpv
2001454759940,Hotel Abbot,ES,Barcelona,Avenida Roma 23 Eixample 08029 Barcelona Spain,41.3815028,2.1449138,sp3e
2010044694529,The Pillar Hotel,GB,London,19 Brent Street Brent Cross London NW4 2EU United Kingdom,51.583236,-0.216868,gcpv
2010044694534,Golden Tulip Amsterdam West,NL,Amsterdam,Molenwerf 1 1014 AG Amsterdam Netherlands,52.385601,4.8470597,u176
2018634629128,Arthotel ANA Westbahn,AT,Vienna,Pelzgasse 1 15 Rudolfsheim F nfhaus 1150 Vienna Austria,48.1979514,16.336318,u2ed
2027224563714,Mercure Paris Opera Louvre,FR,Paris,95 Rue de Richelieu 2nd arr 75002 Paris France,48.8710895,2.3393461,u09w
2027224563721,Grand Hotel Amr th Amsterdam,NL,Amsterdam,Prins Hendrikkade 108 Amsterdam City Center 1011 AK Amsterdam Netherlands,52.3744149,4.9041443,u173
2035814498306,H tel Champs lys es Plaza,FR,Paris,35 Rue De Berri 8th arr 75008 Paris France,48.8737043,2.3061477,u09w
2044404432897,Holiday Inn Paris Montparnasse Pasteur,FR,Paris,10 rue Gager Gabillot 15th arr 75015 Paris France,48.8376887,2.3063102,u09t
2044404432902,Hotel Les Th tres,FR,Paris,98 Rue De Clery 2nd arr 75002 Paris France,48.8694768,2.3515065,u09w
2052994367489,Canary Riverside Plaza Hotel,GB,London,46 Westferry Circus Tower Hamlets London E14 8RS United Kingdom,51.5066991,-0.0280208,gcpv
2052994367492,Hotel Casa Bonay,ES,Barcelona,Gran Via de les Corts Catalanes 700 Eixample 08010 Barcelona Spain,41.3935967,2.1742718,sp3e
2061584302084,Hotel Tocq,IT,Milan,Via A de Tocqueville 7 D Garibaldi Station 20154 Milan Italy,45.4828787,9.186346,u0nd
2070174236675,Holiday Inn London Camden Lock,GB,London,30 Jamestown Road Camden London NW1 7BY United Kingdom,51.5404555,-0.1460833,gcpv
2078764171265,Best Western Hotel Montmartre Sacr Coeur,FR,Paris,66 Boulevard Barb s 18th arr 75018 Paris France,48.888539,2.3498459,u09w
2087354105856,The Bailey s Hotel London,GB,London,140 Gloucester Road Kensington and Chelsea London SW7 4QH United Kingdom,51.4938733,-0.1824963,gcpu
2095944040448,Hotel L Antoine,FR,Paris,10 12 rue de Charonne 11th arr 75011 Paris France,48.8524215,2.3743832,u09t
2095944040451,Holiday Inn Paris Gare Montparnasse,FR,Paris,79 81 avenue du Maine 14th arr 75014 Paris France,48.8382916,2.3230188,u09t
2095944040456,Capri by Fraser Barcelona,ES,Barcelona,Sancho de vila 32 34 Sant Mart 08018 Barcelona Spain,41.3976233,2.188975,sp3e
2104533975044,The Mirror Barcelona,ES,Barcelona,Corcega 255 Eixample 08036 Barcelona Spain,41.3930406,2.1545393,sp3e
2113123909634,Hotel Xenia Autograph Collection,GB,London,160 Cromwell Road Kensington Kensington and Chelsea London SW5 0TL United Kingdom,51.4946905,-0.1910197,gcpu
2121713844224,Mercure Paris Gare De Lyon TGV,FR,Paris,2 place Louis Armand 12th arr 75012 Paris France,48.8442949,2.3730938,u09t
2130303778817,H tel D Aubusson,FR,Paris,33 Rue Dauphine 6th arr 75006 Paris France,48.8547329,2.3395277,u09t
2130303778822,The Toren,NL,Amsterdam,Keizersgracht 164 Amsterdam City Center 1015 CZ Amsterdam Netherlands,52.3758754,4.8859642,u173
2147483648000,Le Meridien Piccadilly,GB,London,21 Piccadilly Westminster Borough London W1J 0BH United Kingdom,51.5094835,-0.1362538,gcpv
2147483648005,Starhotels Business Palace,IT,Milan,Via Pietro Gaggia 3 Ripamonti Corvetto 20139 Milan Italy,45.43784,9.230901,u0nd
2156073582599,Bilderberg Garden Hotel,NL,Amsterdam,Dijsselhofplantsoen 7 Oud Zuid 1077 BJ Amsterdam Netherlands,52.3511447,4.8740764,u173
2164663517186,H tel Duc De St Simon,FR,Paris,14 Rue St Simon 7th arr 75007 Paris France,48.8560685,2.3236846,u09t
2173253451776,The Abbey Court Notting Hill,GB,London,20 Pembridge Gardens Kensington and Chelsea London W2 4DU United Kingdom,51.5101401,-0.1968951,gcpv
2173253451781,Aparthotel Adagio Vienna City,AT,Vienna,Uraniastra e 2 01 Innere Stadt 1010 Vienna Austria,48.2110845,16.3838405,u2ed
2181843386375,Le Pigalle Hotel,FR,Paris,9 rue frochot 9th arr 75009 Paris France,48.8816073,2.3371648,u09w
2190433320960,My Bloomsbury,GB,London,11 13 Bayley Street Bedford Square Camden London WC1B 3HD United Kingdom,51.5188555,-0.1319172,gcpv
2190433320964,TheWesley,GB,London,81 103 Euston Street Camden London NW1 2EZ United Kingdom,51.5265353,-0.1361682,gcpv
2199023255552,Marlin Waterloo,GB,London,111 Westminster Bridge Road Lambeth London SE1 7JD United Kingdom,51.4990953,-0.1132136,gcpu
2199023255557,Best Western Hotel Mirage,IT,Milan,Viale Certosa 104 106 Certosa 20156 Milan Italy,45.4947129,9.1418864,u0nd
2216203124737,Residence Henri IV,FR,Paris,50 rue des Bernardins 5th arr 75005 Paris France,48.8481917,2.3490316,u09t
2224793059328,Radisson Blu Edwardian Sussex,GB,London,19 25 Granville Place Marble Arch Westminster Borough London W1H 6PA United Kingdom,51.5144381,-0.1558337,gcpv
2233382993920,Terrass H tel Montmartre by MH,FR,Paris,12 14 Rue Joseph De Maistre 18th arr 75018 Paris France,48.8865626,2.3329648,u09w
2233382993925,Hotel Lam e,AT,Vienna,Rotenturmstra e 15 01 Innere Stadt 1010 Vienna Austria,48.2102677,16.3741269,u2ed
2241972928515,NH Collection Milano President,IT,Milan,Largo Augusto 10 Milan City Center 20122 Milan Italy,45.4630685,9.1979367,u0nd
2241972928517,Courtyard by Marriott Vienna Schoenbrunn,AT,Vienna,Sch nbrunner Schlossstra e 38 40 12 Meidling 1120 Vienna Austria,48.184732,16.3211959,u2ed
2250562863107,Room Mate Carla,ES,Barcelona,Mallorca 288 Eixample 08037 Barcelona Spain,41.3962658,2.1662153,sp3e
2259152797699,The Dorchester Dorchester Collection,GB,London,53 Park Lane Westminster Borough London W1K 1QA United Kingdom,51.5074007,-0.1524593,gcpv
2259152797703,Hotel Auriga,IT,Milan,Via G B Pirelli 7 Central Station 20124 Milan Italy,45.4858877,9.2042827,u0nd
2267742732291,Phileas Hotel,FR,Paris,24 Rue d Amsterdam 9th arr 75009 Paris France,48.8768854,2.3270623,u09w
2267742732298,Hotel Daniel Paris,FR,Paris,8 rue Fr d ric Bastiat 8th arr 75008 Paris France,48.8728492,2.3073663,u09w
2276332666882,Hilton Vienna,AT,Vienna,Am Stadtpark 1 03 Landstra e 1030 Vienna Austria,48.2062268,16.3833767,u2ed
2284922601474,Chiswick Rooms,GB,London,407 Goldhawk Rd Chiswick London W6 0SA United Kingdom,51.4937409,-0.244896,gcpu
2284922601479,Vienna Marriott Hotel,AT,Vienna,Parkring 12a 01 Innere Stadt 1010 Vienna Austria,48.2050967,16.3770928,u2ed
2293512536065,Mercure London Bloomsbury Hotel,GB,London,130 134 Southampton Row Camden London WC1B 5AF United Kingdom,51.5210085,-0.1230966,gcpv
2293512536072,Expo Hotel Barcelona,ES,Barcelona,Mallorca 1 23 Sants Montju c 08014 Barcelona Spain,41.3792053,2.1427989,sp3e
2302102470657,Le Grey Hotel,FR,Paris,12 rue de Parme 9th arr 75009 Paris France,48.881407,2.3274204,u09w
2302102470661,Best Western Amiral Hotel,FR,Paris,98 Avenue d Italie 13th arr 75013 Paris France,48.8252307,2.3569005,u09t
2302102470666,Catalonia Park Putxet,ES,Barcelona,Putget 68 Sarri St Gervasi 08023 Barcelona Spain,41.4072812,2.1443116,sp3e
2310692405251,Hotel JL No76,NL,Amsterdam,Jan Luijkenstraat 76 Oud Zuid 1071 CT Amsterdam Netherlands,52.3595919,4.8801587,u173
2310692405253,Hotel Schild,AT,Vienna,Neustift am Walde 97 99 19 D bling 1190 Vienna Austria,48.251195,16.2989165,u2ed
2310692405258,Hotel Marconi,IT,Milan,Via Fabio Filzi 3 Central Station 20124 Milan Italy,45.4868744,9.2018407,u0nd
2319282339843,Mokinba Hotels King,IT,Milan,Corso Magenta 19 Milan City Center 20123 Milan Italy,45.4656023,9.1778675,u0nd
2319282339848,Idea Hotel Milano San Siro,IT,Milan,Via Gaetano Airaghi 125 20153 Milan Italy,45.4720654,9.0777871,u0n6
2327872274435,Avenida Palace,ES,Barcelona,Gran Via 605 Eixample 08007 Barcelona Spain,41.3891168,2.1671986,sp3e
2336462209026,Hotel le Lapin Blanc,FR,Paris,41 boulevard Saint Michel 5th arr 75005 Paris France,48.8491801,2.3423357,u09t
2336462209031,Holiday Inn Vienna City,AT,Vienna,Margaretenstra e 53 05 Margareten 1050 Vienna Austria,48.1935593,16.3616098,u2ed
2345052143617,Haymarket Hotel,GB,London,1 Suffolk Place Westminster Borough London SW1Y 4HX United Kingdom,51.5084595,-0.1311382,gcpv
2345052143622,NH Collection Amsterdam Grand Hotel Krasnapolsky,NL,Amsterdam,Dam 9 Amsterdam City Center 1012 JS Amsterdam Netherlands,52.3727067,4.8943658,u173
2353642078209,InterContinental Paris Le Grand,FR,Paris,2 Rue Scribe 9th arr 75009 Paris France,48.8708391,2.3303651,u09w
2362232012802,Best Western Maitrise Hotel Edgware Road,GB,Paddington,346 348 Edgware Road Westminster Borough London W2 1EA United Kingdom,51.521148,-0.171346,gcpv
2362232012807,InterContinental Amstel Amsterdam,NL,Amsterdam,Professor Tulpplein 1 Amsterdam City Center 1018 GX Amsterdam Netherlands,52.3600068,4.9051643,u173
2370821947394,H tel Fabric,FR,Paris,31 rue de la Folie M ricourt 11th arr 75011 Paris France,48.8629329,2.3723823,u09t
2370821947398,BEST WESTERN Maitrise Hotel Maida Vale,GB,London,53 59 Kilburn High Road Maida Vale London Camden London NW6 5SB United Kingdom,51.5366053,-0.1919832,gcpv
2379411881984,H tel Keppler,FR,Paris,10 Rue Kepler 16th arr 75016 Paris France,48.8699103,2.2973386,u09w
2379411881990,Amadi Panorama Hotel,NL,Amsterdam,Ijburglaan 539 Zeeburg 1087 BE Amsterdam Netherlands,52.3588806,4.9886041,u179
2388001816578,Novotel London Greenwich,GB,London,173 185 Greenwich High Rd Greenwich London SE10 8JA United Kingdom,51.4778583,-0.0137463,gcpu
2388001816583,H10 Universitat,ES,Barcelona,Ronda Universitat 21 Eixample 08007 Barcelona Spain,41.3869565,2.1665338,sp3e
2396591751171,H tel de Varenne,FR,Paris,44 rue de Bourgogne 7th arr 75007 Paris France,48.8570275,2.3170282,u09t
2396591751176,Bulgari Hotel Milano,IT,Milan,Via Privata Fratelli Gabba 7 B Milan City Center 20121 Milan Italy,45.4701334,9.1897405,u0nd
2405181685765,Grand Hotel et de Milan,IT,Milan,Via Manzoni 29 Milan City Center 20121 Milan Italy,45.4699058,9.1925024,u0nd
2413771620355,Qualys Hotel Nasco,IT,Milan,Corso Sempione 69 Fiera Milano City 20149 Milan Italy,45.4848809,9.1596461,u0nd
2422361554946,London Marriott Hotel West India Quay,GB,London,22 Hertsmere Road Tower Hamlets London E14 4ED United Kingdom,51.5072713,-0.0211213,gcpv
2430951489536,Le 7 Eiffel Hotel,FR,Paris,17 bis rue Am lie 7th arr 75007 Paris France,48.8585193,2.3077243,u09t
2430951489541,Acta CITY47,ES,Barcelona,Nicaragua 47 Sants Montju c 08029 Barcelona Spain,41.383515,2.1407396,sp3e
2430951489542,DoubleTree by Hilton Amsterdam Centraal Station,NL,Amsterdam,Oosterdoksstraat 4 Amsterdam City Center 1011 DK Amsterdam Netherlands,52.376752,4.904618,u173
2439541424130,Fleming s Selection Hotel Wien City,AT,Vienna,Josefst dter Stra e 10 12 08 Josefstadt 1080 Vienna Austria,48.2167,16.35,u2ed
2448131358723,NH Collection Barcelona Constanza,ES,Barcelona,D u i Mata 66 99 Les Corts 08029 Barcelona Spain,41.3885274,2.1360471,sp3e
2456721293312,Clayton Crown Hotel London,GB,London,152 Cricklewood Broadway Cricklewood London NW2 3ED United Kingdom,51.5561548,-0.2141824,gcpv
2465311227906,Cordial Theaterhotel Wien,AT,Vienna,Josefst dter Stra e 22 08 Josefstadt 1080 Vienna Austria,48.2167,16.35,u2ed
2473901162498,AC Hotel Diagonal L Illa a Marriott Lifestyle Hotel,ES,Barcelona,Avenida Diagonal 555 Les Corts 08029 Barcelona Spain,41.3899609,2.135684,sp3e
2473901162500,Hotel City Central,AT,Vienna,Taborstra e 8 A 02 Leopoldstadt 1020 Vienna Austria,48.2167,16.4,u2ed
2482491097090,Best Western Plus de Neuville Arc de Triomphe,FR,Paris,3 Rue Verniquet 17th arr 75017 Paris France,48.8869128,2.3004034,u09w
2482491097095,Catalonia Ramblas 4 Sup,ES,Barcelona,Pelai 28 Ciutat Vella 08002 Barcelona Spain,41.3856387,2.1668274,sp3e
2491081031681,London Marriott Hotel Marble Arch,GB,London,134 George Street Westminster Borough London W1H 5DN United Kingdom,51.5163841,-0.1635764,gcpv
2499670966273,Hotel Atmospheres,FR,Paris,29 31 rue des Ecoles 5th arr 75005 Paris France,48.8485387,2.3479852,u09t
2508260900865,Splendide Royal Paris,FR,Paris,18 Rue du Cirque 8th arr 75008 Paris France,48.8709627,2.3154141,u09w
2508260900870,UNA Maison Milano,IT,Milan,Via Mazzini 4 Milan City Center 20123 Milan Italy,45.4633289,9.1884242,u0nd
2516850835459,citizenM London Shoreditch,GB,London,6 Holywell Lane Hackney London EC2A 3ET United Kingdom,51.5241373,-0.0786983,gcpv
2525440770049,Hotel Saint Dominique,FR,Paris,62 Rue Saint Dominique 7th arr 75007 Paris France,48.8599998,2.3087425,u09t
2525440770054,Sofitel Vienna Stephansdom,AT,Vienna,Praterstra e 1 02 Leopoldstadt 1020 Vienna Austria,48.212857,16.37986,u2ed
2534030704644,Sofitel Legend The Grand Amsterdam,NL,Amsterdam,Oudezijds Voorburgwal 197 Amsterdam City Center 1012 EX Amsterdam Netherlands,52.370835,4.895403,u173
2542620639232,The Pelham Starhotels Collezione,GB,London,15 Cromwell Place Kensington and Chelsea London SW7 2LA United Kingdom,51.4943935,-0.1750169,gcpu
2542620639236,Meli Milano,IT,Milan,Via Masaccio 19 Fiera Milano City 20149 Milan Italy,45.4792738,9.1459546,u0nd
2551210573827,The Nadler Kensington,GB,London,25 Courtfield Gardens Kensington and Chelsea London SW5 0PG United Kingdom,51.4931086,-0.190208,gcpu
2551210573832,Hotel Ambassador,AT,Vienna,K rntner Stra e 22 01 Innere Stadt 1010 Vienna Austria,48.2057193,16.3710878,u2ed
2559800508416,Novotel London Waterloo,GB,London,113 Lambeth Rd Lambeth London SE1 7LS United Kingdom,51.4948465,-0.1187481,gcpu
2568390443008,Novotel Suites Paris Nord 18 me,FR,Paris,1 Impasse Marteau 18th arr 75018 Paris France,48.9015941,2.3597783,u09w
2568390443013,Mercure Tour Eiffel Grenelle,FR,Paris,64 Boulevard de Grenelle 15th arr 75015 Paris France,48.850448,2.2928845,u09t
2568390443016,Hotel Rekord,ES,Barcelona,Muntaner 352 Sarri St Gervasi 08021 Barcelona Spain,41.3985449,2.1438237,sp3e
2585570312192,The Hoxton Holborn,GB,London,199 206 High Holborn Camden London WC1V 7BD United Kingdom,51.5172398,-0.1220324,gcpv
2585570312197,Grange Blooms Hotel,GB,London,7 Montague Street Bloomsbury Camden London WC1B 5BP United Kingdom,51.5196913,-0.1254243,gcpv
2585570312200,citizenM Amsterdam,NL,Amsterdam,Prinses Irenestraat 30 Zuideramstel 1077 WX Amsterdam Netherlands,52.3419432,4.8759604,u173
2594160246787,AC Hotel Victoria Suites a Marriott Lifestyle Hotel,ES,Barcelona,Beltran i R zpide 7 9 Les Corts 08034 Barcelona Spain,41.3893478,2.1209755,sp3e
2602750181380,The Westbridge Hotel,GB,London,335 337 High Street Stratford Newham London E15 2TF United Kingdom,51.5373904,-0.0023367,gcpv
2602750181385,Hotel Barcelona Center,ES,Barcelona,Balmes 103 105 Eixample 08008 Barcelona Spain,41.3917169,2.1592614,sp3e
2611340115970,Hotel Monsieur,FR,Paris,62 Rue Des Mathurins 8th arr 75008 Paris France,48.8735135,2.3217457,u09w
2611340115972,Hotel Casa Camper,ES,Barcelona,Elisabets 11 Ciutat Vella 08001 Barcelona Spain,41.3832414,2.1685298,sp3e
2628519985152,Mercure Paris Notre Dame Saint Germain des Pr s,FR,Paris,20 rue du Sommerard 5th arr 75005 Paris France,48.8503074,2.3450612,u09t
2628519985157,Hotel Moonlight,GB,London,9 Knaresborough Place Kensington and Chelsea London SW5 0TP United Kingdom,51.4940285,-0.1910497,gcpu
2628519985161,Bermondsey Square Hotel A Bespoke Hotel,GB,London,Tower Bridge Road Southwark London SE1 3UN United Kingdom,51.4991134,-0.0790969,gcpu
2637109919748,Der Wilhelmshof,AT,Vienna,Kleine Stadtgutgasse 4 02 Leopoldstadt 1020 Vienna Austria,48.2185837,16.3881339,u2ed
2654289788929,Villa Montparnasse,FR,Paris,2 Rue Boulard 14th arr 75014 Paris France,48.8349272,2.3295913,u09t
2662879723522,H tel Vernet,FR,Paris,25 Rue Vernet 8th arr 75008 Paris France,48.871859,2.2978177,u09w
2671469658114,Radisson Blu Edwardian New Providence Wharf,GB,London,5 Fairmont Avenue Canary Wharf Tower Hamlets London E14 9JB United Kingdom,51.5065578,-0.004514,gcpv
2680059592707,Attica 21 Barcelona Mar,ES,Barcelona,Proven als 10 Sant Mart 08019 Barcelona Spain,41.4052324,2.2117289,sp3e
2688649527300,Grand Pigalle Hotel,FR,Paris,29 rue Victor Mass 9th arr 75009 Paris France,48.880856,2.3375085,u09w
2697239461888,London Marriott Hotel Kensington,GB,London,147 Cromwell Road Kensington and Chelsea London SW5 0TH United Kingdom,51.4944849,-0.1884174,gcpu
2697239461892,The Gates Diagonal Barcelona,ES,Barcelona,Avenida Diagonal 205 Sant Mart 08018 Barcelona Spain,41.4036219,2.1902808,sp3e
2705829396482,Grange Strathmore Hotel,GB,London,41 Queens Gate Gardens Kensington and Chelsea London SW7 5NB United Kingdom,51.4958184,-0.1813958,gcpu
2714419331072,Napoleon Paris,FR,Paris,40 avenue de Friedland 8th arr 75008 Paris France,48.8743885,2.2980915,u09w
2714419331073,Novotel Barcelona City,ES,Barcelona,Avenida Diagonal 201 Sant Mart 08018 Barcelona Spain,41.4038774,2.1911894,sp3e
2723009265666,Montfleuri,FR,Paris,21 Avenue De La Grande Arm e 16th arr 75016 Paris France,48.8747153,2.2906388,u09w
2723009265671,Best Western Hotel Pension Arenberg Wien Zentrum,AT,Vienna,Stubenring 2 01 Innere Stadt 1010 Vienna Austria,48.2107358,16.382147,u2ed
2731599200259,Hotel Domizil,AT,Vienna,Schulerstra e 14 01 Innere Stadt 1010 Vienna Austria,48.2080479,16.375612,u2ed
2740189134851,Lyric H tel Paris,FR,Paris,2 rue de Gramont 2nd arr 75002 Paris France,48.8690126,2.3368708,u09w
2748779069443,Gran Hotel Torre Catalunya,ES,Barcelona,Avenida Roma 2 4 Sants Montju c 08014 Barcelona Spain,41.3795572,2.1425457,sp3e
2757369004033,9Hotel Republique,FR,Paris,7 9 Rue Pierre Chausson 10th arr 75010 Paris France,48.8708419,2.3605864,u09w
2765958938626,H tel Aiglon Esprit de France,FR,Paris,232 Boulevard Raspail 14th arr 75014 Paris France,48.8396623,2.3300582,u09t
2765958938630,Hotel Nestroy Wien,AT,Vienna,Rotensterngasse 7a 02 Leopoldstadt 1020 Vienna Austria,48.2178332,16.3821636,u2ed
2774548873219,COMO Metropolitan London,GB,London,Old Park Lane Westminster Borough London W1K 1LB United Kingdom,51.5050355,-0.1500864,gcpv
2783138807813,Hallmark Hotel London Chigwell Prince Regent,GB,Woodford Green,Manor Road London IG8 8AE United Kingdom,51.6068054,0.0590416,u10j
2791728742401,Hotel Georgette,FR,Paris,36 rue du Grenier Saint Lazare 3rd arr 75003 Paris France,48.8632723,2.352691,u09t
2800318676994,Henley House Hotel,GB,London,30 Barkston Gardens Kensington and Chelsea London SW5 0EN United Kingdom,51.4922348,-0.1914229,gcpu
2800318676999,The Rookery,GB,London,Peters Lane Cowcross Street Islington London EC1M 6DS United Kingdom,51.520171,-0.102463,gcpv
2808908611586,Maison Albar H tel Paris Champs Elys es ex Mac Mahon,FR,Paris,3 avenue Mac Mahon 17th arr 75017 Paris France,48.8753837,2.2944651,u09w
2808908611588,Derby Alma,FR,Paris,8 Avenue Rapp 7th arr 75007 Paris France,48.8605031,2.3006606,u09t
2817498546179,Best Western Premier Kaiserhof Wien,AT,Vienna,Frankenberggasse 10 04 Wieden 1040 Vienna Austria,48.1975497,16.3686397,u2ed
2817498546184,Admiral Hotel,IT,Milan,Via Domodossola 16 Fiera Milano City 20145 Milan Italy,45.480515,9.160063,u0nd
2826088480770,Catalonia Port,ES,Barcelona,Ample 1 Pla a Duc de Medinaceli Ciutat Vella 08002 Barcelona Spain,41.378751,2.17873,sp3e
2826088480775,The Savoy,GB,London,Strand Westminster Borough London WC2R 0EU United Kingdom,51.5111922,-0.1194006,gcpv
2834678415361,H tel Mayfair Paris,FR,Paris,3 Rue Rouget De Lisle 1st arr 75001 Paris France,48.8661363,2.3260648,u09t
2834678415363,Club Quarters Hotel Lincoln s Inn Fields,GB,London,61 Lincoln s Inn Fields Camden London WC2A 3JW United Kingdom,51.5160988,-0.1181749,gcpv
2843268349952,Garden Elys e,FR,Paris,12 rue Saint Didier 16th arr 75016 Paris France,48.8663444,2.2881979,u09t
2843268349957,Mokinba Hotels Baviera,IT,Milan,Via Panfilo Castaldi 7 Central Station 20124 Milan Italy,45.4782808,9.1997755,u0nd
2851858284544,Grange St Paul s Hotel,GB,London,10 Godliman Street City of London London EC4V 5AJ United Kingdom,51.5127625,-0.0997157,gcpv
2851858284549,Best Western Allegro Nation,FR,Paris,33 Avenue Du Docteur Arnold Netter 12th arr 75012 Paris France,48.8430891,2.4049867,u09t
2851858284554,Hotel Sacher Wien,AT,Vienna,Philharmoniker Stra e 4 01 Innere Stadt 1010 Vienna Austria,48.2038793,16.3698086,u2ed
2860448219136,Best Western Mercedes Arc de Triomphe,FR,Paris,128 avenue de Wagram 17th arr 75017 Paris France,48.8848292,2.3035189,u09w
2869038153729,Dorset Square Hotel,GB,London,39 40 Dorset Square Hotel Westminster Borough London NW1 6QN United Kingdom,51.5226361,-0.1602871,gcpv
2869038153734,Austria Trend Hotel Park Royal Palace Vienna,AT,Vienna,Schlossallee 8 14 Penzing 1140 Vienna Austria,48.191339,16.3165873,u2ed
2877628088323,Novotel Milano Linate Aeroporto,IT,Milan,Via Mecenate 121 20138 Milan Italy,45.4481878,9.2570459,u0nd
2886218022915,Small Luxury Hotel Altstadt Vienna,AT,Vienna,Kirchengasse 41 07 Neubau 1070 Vienna Austria,48.2047761,16.3512515,u2ed
2894807957506,Apollofirst Boutique Hotel,NL,Amsterdam,Apollolaan 123 125 Oud Zuid 1077 AP Amsterdam Netherlands,52.350396,4.8756404,u173
2903397892096,Le Narcisse Blanc Spa,FR,Paris,19 Boulevard De La Tour Maubourg 7th arr 75007 Paris France,48.8605125,2.3106533,u09t
2911987826690,Hotel Indigo London Paddington,GB,Paddington,16 London Street Paddington Westminster Borough London W2 1HL United Kingdom,51.5150534,-0.1739974,gcpv
2911987826695,Austria Trend Hotel Anatol Wien,AT,Vienna,Webgasse 26 06 Mariahilf 1060 Vienna Austria,48.1945774,16.346356,u2ed
2920577761284,Hotel Villa Emilia,ES,Barcelona,Calabria 115 117 Eixample 08015 Barcelona Spain,41.3802469,2.1541149,sp3e
2929167695874,H tel Saint Paul Rive Gauche,FR,Paris,43 rue Monsieur le Prince 6th arr 75006 Paris France,48.8496819,2.3402806,u09t
2937757630467,H10 Marina Barcelona,ES,Barcelona,Avenida Bogatell 64 68 Sant Mart 08005 Barcelona Spain,41.393227,2.1927427,sp3e
2946347565059,Hotel Villa Lafayette Paris IX,FR,Paris,46 Rue De Tr vise 9th arr 75009 Paris France,48.8760884,2.3456465,u09w
2954937499655,Olivia Plaza Hotel,ES,Barcelona,Plaza de Catalunya 19 Ciutat Vella 08002 Barcelona Spain,41.3861459,2.1711594,sp3e
2954937499660,Radisson Blu Hotel Milan,IT,Milan,Via Villapizzone 24 Certosa 20156 Milan Italy,45.500667,9.1445874,u0nd
2972117368834,Wilson Boutique Hotel,ES,Barcelona,Avenida Diagonal 568 Sarri St Gervasi 08021 Barcelona Spain,41.3944029,2.150194,sp3e
2980707303427,Rubens At The Palace,GB,London,39 Buckingham Palace Road Westminster Borough London SW1W 0PS United Kingdom,51.4981471,-0.1436492,gcpu
2980707303431,Hotel Palace GL,ES,Barcelona,Gran Via de les Corts Catalanes 668 Eixample 08010 Barcelona Spain,41.3916258,2.1716378,sp3e
2989297238016,Mercure Paris Tour Eiffel Pont Mirabeau,FR,Paris,10 Avenue Emile Zola 15th arr 75015 Paris France,48.8460269,2.2788281,u09t
2997887172609,City Hotel Deutschmeister,AT,Vienna,Gr nentorgasse 30 09 Alsergrund 1090 Vienna Austria,48.2333,16.35,u2ed
2997887172611,Catalonia Barcelona 505,ES,Barcelona,Muntaner 505 Sarri St Gervasi 08022 Barcelona Spain,41.4034965,2.1370426,sp3e
3006477107201,San Domenico House,GB,London,29 31 Draycott Place Kensington and Chelsea London SW3 2SH United Kingdom,51.4917798,-0.1616049,gcpu
3015067041792,The Arch London,GB,London,50 Great Cumberland Place Westminster Borough London W1H 7FD United Kingdom,51.5159214,-0.1598794,gcpv
3023656976385,Au Manoir Saint Germain,FR,Paris,153 Boulevard Saint Germain 6th arr 75006 Paris France,48.853688,2.3322667,u09t
3023656976390,Hotel Amsterdam De Roode Leeuw,NL,Amsterdam,Damrak 93 94 Amsterdam City Center 1012 LP Amsterdam Netherlands,52.373704,4.893591,u173
3032246910978,R Kipling by Happyculture,FR,Paris,65 rue Blanche 9th arr 75009 Paris France,48.8820838,2.3315849,u09w
3032246910980,Sunotel Central,ES,Barcelona,Gran V a De Les Corts Catalanes 570 Eixample 08011 Barcelona Spain,41.3841429,2.1616896,sp3e
3040836845569,La Maison Favart,FR,Paris,5 Rue Marivaux 2nd arr 75002 Paris France,48.870808,2.3372737,u09w
3040836845574,Inntel Hotels Amsterdam Centre,NL,Amsterdam,Nieuwezijdskolk 19 Amsterdam City Center 1012 PV Amsterdam Netherlands,52.3760456,4.8943917,u173
3049426780162,Best Western Premier Op ra Opal,FR,Paris,19 Rue Tronchet 8th arr 75008 Paris France,48.8722588,2.3257608,u09w
3049426780167,Best Western Aulivia Op ra,FR,Paris,4 Rue des Petites Ecuries 10th arr 75010 Paris France,48.8730552,2.3540112,u09w
3066606649344,Best Western Premier Marais Grands Boulevards,FR,Paris,112 boulevard de S bastopol 3rd arr 75003 Paris France,48.8687425,2.3541761,u09w
3066606649349,Threadneedles Autograph Collection,GB,London,5 Threadneedle Street City of London London EC2R 8AY United Kingdom,51.5140208,-0.0854919,gcpv
3066606649353,IH Hotels Milano Watt 13,IT,Milan,Via Giacomo Watt 13 Famagosta 20143 Milan Italy,45.443791,9.152947,u0nd
3075196583938,Trinit Haussmann,FR,Paris,41 rue Jean Baptiste Pigalle 9th arr 75009 Paris France,48.8800565,2.3342353,u09w
3075196583943,Catalonia Square 4 Sup,ES,Barcelona,Ronda Sant Pere 9 Eixample 08010 Barcelona Spain,41.3885658,2.1712991,sp3e
3083786518533,Grange Holborn Hotel,GB,London,Southampton Row Bloomsbury Camden London WC1B 4AR United Kingdom,51.519616,-0.1218432,gcpv
3092376453124,Best Western Plus Seraphine Hammersmith Hotel,GB,London,84 King Street Hammersmith and Fulham London W6 0QW United Kingdom,51.4926269,-0.2288598,gcpu
3100966387714,INK Hotel Amsterdam MGallery by Sofitel,NL,Amsterdam,Nieuwezijds Voorburgwal 67 Amsterdam City Center 1012 RE Amsterdam Netherlands,52.3754926,4.8929878,u173
3109556322306,Hotel The Peninsula Paris,FR,Paris,19 avenue Kleber 16th arr 75116 Paris France,48.8710605,2.2933537,u09w
3109556322314,London Marriott Hotel County Hall,GB,London,London County Hall Westminster Bridge Road Lambeth London SE1 7PB United Kingdom,51.5016102,-0.1191545,gcpu
3118146256900,Crowne Plaza London Battersea,GB,London,Bridges Court Road Battersea London SW11 3BE United Kingdom,51.4689559,-0.1787256,gcpu
3126736191489,Radisson Blu Edwardian Mercer Street,GB,London,20 Mercer Street Covent Garden Camden London WC2H 9HD United Kingdom,51.5139275,-0.1271506,gcpv
3126736191494,Radisson Blu Edwardian Vanderbilt,GB,London,68 86 Cromwell Road Kensington Kensington and Chelsea London SW7 5BT United Kingdom,51.4953691,-0.1818966,gcpu
3135326126081,Mercure Paris Bastille Saint Antoine,FR,Paris,64 Rue Crozatier 12th arr 75012 Paris France,48.849574,2.3798518,u09t
3135326126084,Senato Hotel Milano,IT,Milan,Via Senato 22 Milan City Center 20121 Milan Italy,45.4714062,9.1965303,u0nd
3143916060676,H tel Monna Lisa Champs Elys es,FR,Paris,97 rue La Bo tie 8th arr 75008 Paris France,48.874853,2.3245798,u09w
3143916060681,Holiday Inn London Kensington,GB,London,Wrights Lane Kensington and Chelsea London W8 5SP United Kingdom,51.499981,-0.1928791,gcpu
3152505995267,Villa Eugenie,FR,Paris,167 rue de Rome 17th arr 75017 Paris France,48.8871283,2.314205,u09w
3152505995272,Best Western Hotel Major,IT,Milan,Viale Isonzo 2 Porta Romana 20135 Milan Italy,45.4472099,9.2090967,u0nd
3161095929860,Eurostars Angli,ES,Barcelona,Angli 60 Sarri St Gervasi 08017 Barcelona Spain,41.4031654,2.1231637,sp3e
3161095929862,Catalonia Plaza Catalunya,ES,Barcelona,Bergara 11 Eixample 08002 Barcelona Spain,41.3865289,2.1682919,sp3e
3169685864450,Sofitel Paris Baltimore Tour Eiffel,FR,Paris,88 Bis Avenue Kl ber 16th arr 75016 Paris France,48.8663089,2.289609,u09t
3178275799041,Mercure Paris Pigalle Sacre Coeur,FR,Paris,21 Boulevard De Clichy 9th arr 75009 Paris France,48.8823398,2.3364764,u09w
3178275799045,Hotel Ares Eiffel,FR,Paris,7 rue du G n ral de Larminat 15th arr 75015 Paris France,48.8503276,2.2982022,u09t
3178275799050,Hotel Mentana,IT,Milan,Via Morigi 2 Milan City Center 20123 Milan Italy,45.4622972,9.1814695,u0nd
3186865733637,Oceania Paris Porte De Versailles,FR,Paris,52 Rue Oradour sur Glane 15th arr 75015 Paris France,48.8303023,2.2842872,u09t
3186865733642,Das Triest Hotel,AT,Vienna,Wiedner Hauptstra e 12 04 Wieden 1040 Vienna Austria,48.1974036,16.3673003,u2ed
3195455668228,TownHouse Galleria,IT,Milan,Via Silvio Pellico 8 Milan City Center 20121 Milan Italy,45.4657842,9.1895321,u0nd
3204045602820,Hotel 4 Barcelona,ES,Barcelona,Doctor Trueta 164 Sant Mart 08005 Barcelona Spain,41.3959587,2.2008981,sp3e
3212635537408,H tel de Jos phine BONAPARTE,FR,Paris,10 rue d Ormesson 4th arr 75004 Paris France,48.8555319,2.3621212,u09t
3221225472000,The Goring,GB,London,15 Beeston Place Westminster Borough London SW1W 0JW United Kingdom,51.4975621,-0.145551,gcpu
3221225472005,Doubletree By Hilton London Greenwich,GB,London,Catherine Grove Greenwich Greenwich London SE10 8BB United Kingdom,51.474469,-0.019428,gcpu
3229815406592,Saint Georges Hotel,GB,London,14 15 Langham Place Westminster Borough London W1B 2QS United Kingdom,51.517839,-0.1424476,gcpv
3238405341184,The Kings Head Hotel,GB,London,214 High Street Acton London London W3 9NX United Kingdom,51.5079153,-0.2730145,gcpv
3238405341189,Hotel Ronda Lesseps,ES,Barcelona,Ballester 77 81 Gr cia 08023 Barcelona Spain,41.408641,2.1478143,sp3e
3238405341190,Zenit Borrell,ES,Barcelona,Comte Borrell 208 Eixample 08029 Barcelona Spain,41.3859873,2.1514021,sp3e
3246995275779,Hotel J ger,AT,Vienna,Hernalser Hauptstra e 187 17 Hernals 1170 Vienna Austria,48.2238463,16.3138357,u2ed
3255585210371,Hilton London Kensington Hotel,GB,London,Holland Park Avenue Kensington and Chelsea London W11 4UL United Kingdom,51.5051084,-0.213266,gcpv
3255585210376,Hotel Arkadenhof,AT,Vienna,Viriotgasse 5 09 Alsergrund 1090 Vienna Austria,48.2307014,16.3552189,u2ed
3264175144964,Mercure Paris Op ra Faubourg Montmartre,FR,Paris,5 Rue de Montyon 9th arr 75009 Paris France,48.8729639,2.3444899,u09w
3281355014144,Hotel Le Mareuil,FR,Paris,51 Rue de Malte 11th arr 75011 Paris France,48.8659899,2.3674149,u09t
3289944948737,Grange Fitzrovia Hotel,GB,London,20 28 Bolsover Street Westminster Borough London W1W 5NB United Kingdom,51.521759,-0.1425381,gcpv
3298534883328,The Principal London,GB,London,1 8 Russell Square Camden London WC1B 5BE United Kingdom,51.5226217,-0.1251602,gcpv
3298534883333,Thistle Trafalgar Square The Royal Trafalgar,GB,London,Whitcomb Street Trafalgar Square Westminster Borough London WC2H 7HG United Kingdom,51.509133,-0.130189,gcpv
3315714752512,Boundary Rooms Suites,GB,London,2 4 Boundary Street Hackney London E2 7DD United Kingdom,51.5244224,-0.0764614,gcpv
3324304687104,Draycott Hotel,GB,London,26 Cadogan Gardens Kensington and Chelsea London SW3 2RP United Kingdom,51.4930097,-0.159715,gcpu
3324304687109,Ilunion Bel Art,ES,Barcelona,Lepanto 406 Horta Guinard 08025 Barcelona Spain,41.4101934,2.1695574,sp3e
3332894621697,Morgan Mees,NL,Amsterdam,2e Hugo de Grootstraat 2 6 Westerpark 1052 LC Amsterdam Netherlands,52.3743712,4.8746196,u173
3332894621702,Nu Hotel,IT,Milan,Via Feltre 19 B Citt Studi 20132 Milan Italy,45.4911829,9.2393614,u0nd
3350074490880,Hotel Arena,NL,Amsterdam,s Gravesandestraat 55 Oost 1092 AA Amsterdam Netherlands,52.3605759,4.9159683,u173
3350074490885,Boutiquehotel Das Tyrol,AT,Vienna,Mariahilfer Stra e 15 06 Mariahilf 1060 Vienna Austria,48.2008957,16.3592496,u2ed
3358664425476,Norfolk Towers Paddington,GB,Paddington,34 Norfolk Place Paddington Westminster Borough London W2 1QW United Kingdom,51.5162883,-0.1721078,gcpv
3367254360064,D clic Hotel,FR,Paris,17 rue Duhesme 18th arr 75018 Paris France,48.8908018,2.3380204,u09w
3375844294656,Gardette Park Hotel,FR,Paris,1 Rue Du G n ral Blaise 11th arr 75011 Paris France,48.8610265,2.3788974,u09t
3375844294662,Amarante Champs Elys es,FR,Paris,19 Rue Vernet 8th arr 75008 Paris France,48.8717649,2.2983855,u09w
3384434229248,H tel Juliana Paris,FR,Paris,10 12 rue Cognacq Jay 7th arr 75007 Paris France,48.8619373,2.3040298,u09t
3384434229253,Hotel 1898,ES,Barcelona,La Rambla 109 Ciutat Vella 08002 Barcelona Spain,41.3834673,2.1712016,sp3e
3393024163841,Hilton London Paddington,GB,Paddington,146 Praed Street Westminster Borough London W2 1EE United Kingdom,51.515632,-0.175737,gcpv
3393024163846,Petit Palace Museum,ES,Barcelona,Diputacion 250 Eixample 08007 Barcelona Spain,41.3888014,2.1653738,sp3e
3393024163848,Gran Hotel Barcino,ES,Barcelona,Jaume I 6 Ciutat Vella 08002 Barcelona Spain,41.3830582,2.1778267,sp3e
3393024163853,Leonardo Hotel Milan City Center,IT,Milan,Via Messina 10 Sempione 20154 Milan Italy,45.482442,9.1756982,u0nd
3401614098436,Mercure Paris Opera Garnier,FR,Paris,4 Rue de L Isly 8th arr 75008 Paris France,48.8749511,2.3259532,u09w
3410204033025,The Curtain,GB,London,45 Curtain Road Hackney London EC2A 4PJ United Kingdom,51.5237209,-0.0806178,gcpv
